,t0,t1,cps,cps_err,flux,flux_err,counts,expt,detrad,cps_apcorrected,flux_apcorrected
0,876669577.0,876669607.0,5.382285416138703,0.44279302688384176,1.1087507957245727e-15,9.12153635380714e-17,147.75150127109117,27.45144299261063,164.9759691599174,5.740724748207731,1.1825892981307924e-15
1,876669607.0,876669637.0,6.117794154647715,0.47211233335266956,1.2602655958574294e-15,9.725514067064993e-17,167.91868649161796,27.44758686659135,162.96284950856662,6.52521551583239,1.3441943962614725e-15
2,876669637.0,876669667.0,5.189994748467207,0.4348269361196228,1.0691389181842446e-15,8.95743488406423e-17,142.46263015014162,27.449474817333098,160.57404555882226,5.535628267920525,1.140339423191628e-15
3,876669667.0,876669697.0,2.961582915811302,0.32819876918049906,6.100860806571282e-16,6.760894645118281e-17,81.42802405314653,27.494764241925665,160.5488906565812,3.158812850706137,6.507154472454642e-16
